type,include,parent,geographyType
# Supplied type,include in results (true,false,bbox),include as parent in results (true, false, bbox),mapped type
# Default values
world,true,true,world
continent,true,true,continent
ocean,true,true,ocean
region,true,true,region
country,true,true,country
sea,true,true,sea
stateProvince,true,true,stateProvince
waterBody,true,true,waterBody
gulf,true,true,gulf
bay,true,true,bay
islandGroup,true,true,islandGroup
island,true,true,island
county,true,true,county
municipality,true,true,municipality
other,true,true,other
# Location types from the Getty Thesaurus of Geographic Names
"10001/miscellaneous",false,false,other
"10002/hierarchy root",false,false,other
"10003/facet",false,false,other
"11110/Buddhist",false,false,
"11113/Tibetan Buddhist",false,false,
"11151/Hindu",false,false,
"11155/Hindu-Buddhist",false,false,
"11209/Christian",false,false,
"11238/Episcopal",false,false,
"11282/Benedictine",false,false,
"11451/Islamic",false,false,
"11511/Jewish",false,false,
"11711/Jainist",false,false,
"11731/Mithraic",false,false,
"12011/Stone Age",false,false,
"12012/Paleolithic",false,false,
"12013/Lower Paleolithic",false,false,
"12015/Upper Paleolithic",false,false,
"12016/Epipaleolithic",false,false,
"12017/Mesolithic",false,false,
"12021/Neolithic",false,false,
"12022/Early Neolithic",false,false,
"12023/Middle Neolithic",false,false,
"12024/Late Neolithic",false,false,
"12032/Chalcolithic (Copper Age)",false,false,
"12035/Late Chalcolithic",false,false,
"12036/Eneolithic",false,false,
"12051/Bronze Age",false,false,
"12052/Early Bronze Age",false,false,
"12053/Middle Bronze Age",false,false,
"12054/Late Bronze Age",false,false,
"12061/Iron Age",false,false,
"12062/Early Iron Age",false,false,
"12064/Late Iron Age",false,false,
"12108/Mousterian",false,false,
"12111/Pavlovian",false,false,
"12115/Gravettian",false,false,
"12116/Magdalenian",false,false,
"12119/Upper Perigordian",false,false,
"12120/Magosian",false,false,
"12122/Uluzzian",false,false,
"12125/Neanderthal",false,false,
"12167/Hallstatt",false,false,
"12177/La Tene",false,false,
"12184/Iberian",false,false,
"12185/Celtic",false,false,
"12186/Celtiberian",false,false,
"12202/Aegean",false,false,
"12203/Illyrian",false,false,
"12204/Samian",false,false,
"12205/Cycladic",false,false,
"12207/Megarian",false,false,
"12219/Ancient Macedonian",false,false,
"12220/Helladic",false,false,
"12225/Mycenaean",false,false,
"12230/Minoan",false,false,
"12231/Early Minoan",false,false,
"12234/Late Minoan",false,false,
"12250/Ancient Greek",false,false,
"12261/Archaic (Greek)",false,false,
"12267/Hellenistic",false,false,
"12270/Cretan",false,false,
"12273/Corinthian",false,false,
"12274/Doric",false,false,
"12275/Ionic",false,false,
"12285/Ionian",false,false,
"12289/Attic",false,false,
"12290/Chalcidian",false,false,
"12313/Faliscan",false,false,
"12403/Sabine",false,false,
"12404/Volscan",false,false,
"12411/Villanovan",false,false,
"12412/Samnite",false,false,
"12413/Venetic",false,false,
"12414/Picene",false,false,
"12415/Etruscan",false,false,
"12419/Ligurian",false,false,
"12420/Ancient Roman",false,false,
"12421/Ancient Umbrian",false,false,
"12426/Imperial (Roman)",false,false,
"12444/Italic",false,false,
"12445/Gallo-Roman",false,false,
"12446/Romano-British",false,false,
"12447/Greco-Roman",false,false,
"12501/Ancient Egyptian",false,false,
"12502/Predynastic",false,false,
"12525/First Intermediate period",false,false,
"12553/Fifteenth Dynasty; Hyksos",false,false,
"12602/Ancient Middle Eastern",false,false,
"12603/Ancient Hebrew",false,false,
"12611/Hittite",false,false,
"12617/Phrygian",false,false,
"12618/Lydian",false,false,
"12619/Lycian",false,false,
"12623/Arabian (Arab)",false,false,
"12624/Hurrian",false,false,
"12626/Nabatean",false,false,
"12652/Palestinian",false,false,
"12653/Philistine",false,false,
"12654/Phoenician",false,false,
"12657/Punic (Carthaginian)",false,false,
"12658/Phocaean",false,false,
"12660/Mesopotamian",false,false,
"12670/Sumerian",false,false,
"12673/Akkadian",false,false,
"12676/Babylonian",false,false,
"12677/Old Babylonian",false,false,
"12678/Neo-Babylonian",false,false,
"12679/Kassite",false,false,
"12681/Assyrian",false,false,
"12683/Persian",false,false,
"12685/Elamite",false,false,
"12687/Achaemenid",false,false,
"12689/Seleucid",false,false,
"12691/Parthian",false,false,
"12696/Indo-European",false,false,
"12698/Thracian",false,false,
"13086/Dalmatian",false,false,
"13101/Early Christian",false,false,
"13111/Byzantine",false,false,
"13201/Medieval",false,false,
"13231/Crusader",false,false,
"13242/Frankish",false,false,
"13251/Lombard",false,false,
"13260/Saxon",false,false,
"13262/Anglo-Saxon",false,false,
"13281/Norman",false,false,
"13284/Norse",false,false,
"13285/Viking",false,false,
"13341/Tudor",false,false,
"14070/Ancient Asian",false,false,
"14087/Han (Chinese)",false,false,
"14095/Shang",false,false,
"14096/Qiang (Ch'iang)",false,false,
"14202/Jōmon",false,false,
"14301/Indian",false,false,
"14302/Indus Valley",false,false,
"14303/Pre-Harappan",false,false,
"14304/Harappan",false,false,
"14390/Indonesian",false,false,
"14470/Vietnamese",false,false,
"14472/Dông-Son (Vietnamese)",false,false,
"15003/Abbasid (Dynasty)",false,false,
"15150/Ottoman",false,false,
"15205/Seljuk",false,false,
"15401/Moorish",false,false,
"16043/Nigerian",false,false,
"16081/Numidian",false,false,
"16101/Axum",false,false,
"16108/Nubian",false,false,
"16811/Australian Aboriginal",false,false,
"16886/Maori",false,false,
"18030/Native American",false,false,
"18031/Pre-Columbian",false,false,
"18034/Archaic (North American)",false,false,
"18035/Paleo-Indian",false,false,
"18036/Taino",false,false,
"18037/Ostionoid",false,false,
"18043/Clovis",false,false,
"18051/Huari (Wari)",false,false,
"18052/Mochica (Moche)",false,false,
"18053/Gabrielino",false,false,
"18054/Basketmaker",false,false,
"18055/Plains Indian",false,false,
"18065/Mississippian",false,false,
"18068/Woodland Tradition",false,false,
"18171/Adena",false,false,
"18173/Hopewell",false,false,
"18234/Anasazi",false,false,
"18240/Mesoamerican",false,false,
"18242/Preclassic (Archaic Mesoamerican)",false,false,
"18279/Aztec",false,false,
"18282/Teotihuacan",false,false,
"18283/Toltec",false,false,
"18287/Olmec",false,false,
"18353/Zapotec",false,false,
"18354/Mixtec",false,false,
"18359/Texcocan",false,false,
"18455/Inca",false,false,
"18456/Chachapoya",false,false,
"18481/Ancient American",false,false,
"18734/Cherokee",false,false,
"18831/Maya (Mayan)",false,false,
"18851/Coclé",false,false,
"18999/pre-colonial",false,false,
"20001/physical feature",false,false,
"20020/geological formation",false,false,
"21008/lost physical feature",false,false,
"21009/former physical feature",false,false,
"21010/former landmass",false,false,
"21015/submerged feature",false,false,
"21102/ocean",true,true,ocean
"21103/sea",true,true,sea
"21104/pond",false,false,
"21105/river",false,false,
"21106/streams",false,false,
"21107/stream",false,false,
"21108/creek",false,false,
"21109/brook",false,false,
"21110/watercourse",false,false,
"21111/intermittent watercourse",false,false,
"21112/lost watercourse",false,false,
"21113/abandoned watercourse",false,false,
"21114/lakes",false,false,
"21115/lake",false,false,
"21116/salt lake",false,false,
"21117/dry lake",false,false,
"21118/intermittent lake",false,false,
"21119/pool",false,false,
"21120/cove",false,false,waterBody
"21121/bay",bbox,bbox,waterBody
"21122/fiord",false,false,waterBody
"21123/gulf",true,true,waterBody
"21124/harbor",false,false,
"21125/lagoon",false,false,waterBody
"21126/spring",false,false,
"21127/bight",false,false,waterBody
"21128/inlet",false,false,waterBody
"21129/sound",false,false,waterBody
"21130/tidal watercourse",false,false,
"21131/passage",bbox,true,waterBody
"21132/strait",bbox,true,waterBody
"21135/dock",false,false,
"21136/anabranch",false,false,
"21137/narrows",false,false,
"21138/crater lake",false,false,
"21140/icecap",false,false,
"21141/glacier",false,false,
"21145/icecap depression",false,false,
"21146/snowfield",false,false,
"21147/ice sheet",false,false,
"21151/channel",false,false,waterBody
"21152/estuary",false,false,waterBody
"21153/meander",false,false,
"21155/riverbank",false,false,
"21156/river mouth(s)",false,false,
"21158/distributary (stream)",false,false,
"21159/bend",false,false,
"21160/confluence",false,false,
"21161/waterfall",false,false,
"21162/rapids",false,false,
"21163/run",false,false,
"21165/stream channel",false,false,
"21166/cataract",false,false,
"21167/wadi",false,false,
"21169/current",false,false,
"21170/ford",false,false,
"21171/geyser",false,false,
"21172/blowhole",false,false,
"21175/deep",false,false,
"21177/shoal",false,false,
"21181/headwater",false,false,
"21182/section of watercourse",false,false,
"21183/whirlpool",false,false,
"21184/waterhole",false,false,
"21185/lake channel",false,false,
"21186/marine channel",false,false,
"21187/underground river",false,false,
"21191/dry waterfall",false,false,
"21198/intermittent body of water",false,false,
"21199/former body of water",false,false,
"21200/water tank",false,false,
"21201/desert",false,false,
"21202/oasis",false,false,
"21203/sandy desert",false,false,
"21204/rocky desert",false,false,
"21301/wetland",false,false,
"21303/bayou",false,false,
"21304/bog",false,false,
"21305/slough",false,false,
"21306/intermittent wetland",false,false,
"21322/marsh",false,false,
"21323/salt marsh",false,false,
"21324/swamp",false,false,
"21366/spur",false,false,
"21368/sabkha",false,false,
"21371/sinkhole",false,false,
"21381/stream junction",false,false,
"21403/subcontinent",false,false,
"21404/steppe",false,false,
"21405/fault",false,false,
"21406/volcano",false,false,
"21407/volcanic landform",false,false,
"21408/crater",false,false,
"21409/caldera",false,false,
"21413/tidal island",false,false,
"21414/moraine",false,false,
"21416/fissure",false,false,
"21418/cone",false,false,
"21419/dunes",false,false,
"21421/alluvial fan",false,false,
"21422/delta",false,false,
"21423/arroyo",false,false,
"21424/canyon",false,false,
"21426/gorge",false,false,
"21427/ravine",false,false,
"21428/fluvial island",false,false,
"21429/defile",false,false,
"21430/mountain",false,false,
"21431/mountain range",false,false,
"21432/mountain system",false,false,
"21433/pass",false,false,
"21434/mountains",false,false,
"21435/massif",false,false,
"21436/gap",false,false,
"21437/hill",false,false,
"21438/hills",false,false,
"21439/hummock",false,false,
"21440/divide",false,false,
"21441/plateau",false,false,
"21442/mesa",false,false,
"21443/butte",false,false,
"21444/rock",false,false,
"21445/natural arch",false,false,
"21446/natural pillar",false,false,
"21450/interfluve",false,false,
"21451/valley",false,false,
"21453/gully",false,false,
"21454/basin",false,false,
"21455/drainage basin",false,false,
"21456/field",false,false,
"21457/flat",false,false,
"21458/mound",false,false,
"21459/salt flat",false,false,
"21460/flood plain",false,false,
"21461/plain",false,false,
"21462/cape",false,true,stateProvince
"21463/headland",false,false,
"21464/point",false,false,
"21465/spit",false,false,
"21466/bank",false,false,
"21467/former island",bbox,true,island
"21468/islet",false,false,
"21469/islets",false,false,
"21470/island group",true,true,islandGroup
"21471/island",true,true,island
"21472/atoll",true,true,island
"21473/isthmus",false,false,
"21474/archipelago",true,true,islandGroup
"21475/islands",true,true,islandGroup
"21476/peninsula",false,false,
"21477/promontory",false,false,
"21478/land bridge",false,false,
"21479/reef",bbox,true,island
"21480/sand bar",false,false,
"21481/shore",false,false,
"21482/beach",false,false,
"21483/coastline",false,false,
"21485/caves",false,false,
"21486/cave",false,false,
"21487/cliffs",false,false,
"21488/cliff",false,false,
"21489/escarpment",false,false,
"21490/peak",false,false,
"21491/ridge",false,false,
"21492/slope",false,false,
"21493/upland",false,false,
"21494/highland",false,false,
"21495/nunatak",false,false,
"21496/cirque",false,false,
"21497/depression",false,false,
"21499/reach",false,false,
"21505/sand area",false,false,
"21506/salt area",false,false,
"21509/karst area",false,false,
"21510/down",false,false,
"21511/land-tied island",false,false,
"21512/trough",false,false,
"21513/terrace",false,false,
"21514/hanging valley",false,false,
"21515/midden",false,false,
"21521/pan",false,false,
"21522/polder",false,false,
"21524/saddle",false,false,
"21531/bar",false,false,
"21604/grassland",false,false,
"21608/moor(s)",false,false,
"21609/heath",false,false,
"21611/tundra",false,false,
"21612/lava flow",false,false,
"21613/meadow",false,false,
"21631/jungle",false,false,
"21632/rain forest",false,false,
"21641/woods",false,false,
"21642/forest",false,false,
"21643/trees",false,false,
"21645/grove",false,false,
"21646/sacred grove",false,false,
"21647/tree",false,false,
"21651/clearing",false,false,
"21652/scrubland",false,false,
"22101/general region",false,true,region
"22201/inhabited region",false,false,
"23118/undersea slope",false,false,
"23172/undersea knoll",false,false,
"23184/undersea bank",false,false,
"23195/undersea ledge",false,false,
"23302/abyssal plain",false,false,
"23416/undersea canyon",false,false,
"23421/undersea basin",false,false,
"23431/undersea hole",false,false,
"23462/undersea trough",false,false,
"23464/undersea trench",false,false,
"23467/undersea furrow",false,false,
"29000/continent",true,true,continent
"29470/galaxy",false,false,
"29490/star",false,false,
"29501/planetary system",false,false,
"29520/sun",false,false,
"29530/planetary body",false,false,
"29531/planet",false,false,
"29532/dwarf planet",false,false,
"29570/moon",false,false,
"29771/satellite",false,false,
"51010/structure",false,false,
"51011/building",false,false,
"51012/former structure",false,false,
"51013/historic structure",false,false,
"51014/abandoned structure",false,false,
"51209/apartment house",false,false,
"51211/house",false,false,
"51212/country house",false,false,
"51213/official residence",false,false,
"51214/palace",false,false,
"51216/villa",false,false,
"51217/mansion",false,false,
"51218/cave dwelling",false,false,
"51219/rock shelter",false,false,
"51220/hillfort",false,false,
"51222/museum",false,false,
"51223/fortification",false,false,
"51224/castle",false,false,
"51225/fort",false,false,
"51226/fortress",false,false,
"51227/wall",false,false,
"51228/bulwark",false,false,
"51229/gateway",false,false,
"51230/gate",false,false,
"51231/funerary building",false,false,
"51232/mausoleum",false,false,
"51233/tomb(s)",false,false,
"51234/pyramid",false,false,
"51235/ceremonial mound",false,false,
"51236/cairn",false,false,
"51237/grave",false,false,
"51238/hotel",false,false,
"51239/hut",false,false,
"51241/historic building",false,false,
"51251/levee",false,false,
"51252/canal",false,false,
"51253/dam",false,false,
"51254/lock",false,false,
"51255/well",false,false,
"51256/ditch",false,false,
"51257/navigation channel",false,false,
"51258/aqueduct",false,false,
"51259/reservoir",false,false,
"51260/former reservoir",false,false,
"51262/anchorage",false,false,
"51263/dike",false,false,
"51264/pier",false,false,
"51265/weir",false,false,
"51266/wharf",false,false,
"51267/abandoned canal",false,false,
"51269/moat(s)",false,false,
"51270/underground irrigation canal(s)",false,false,
"51271/cliff dwelling",false,false,
"51272/section of canal",false,false,
"51273/drainage ditch",false,false,
"51274/irrigation ditch",false,false,
"51275/spillway",false,false,
"51276/irrigation system",false,false,
"51277/waterworks",false,false,
"51278/pumping station",false,false,
"51280/ditch mouth(s)",false,false,
"51281/stream gauging station",false,false,
"51291/rock-cut architecture",false,false,
"51510/institutional building",false,false,
"51511/office building",false,false,
"51512/financial institution (building)",false,false,
"51521/correctional institution (building)",false,false,
"51522/prison",false,false,
"51543/concentration camp",false,false,
"51544/prisoner of war camp",false,false,
"51545/police post",false,false,
"51546/abandoned police post",false,false,
"51551/educational complex",false,false,
"51552/academy",false,false,
"51553/campus",false,false,
"51554/hospital",false,false,
"51555/school",false,false,
"51556/college",false,false,
"51557/university",false,false,
"51560/sanitarium",false,false,
"51561/nursery",false,false,
"51571/memorial",false,false,
"51572/monument",false,false,
"51573/arch",false,false,
"51574/storehouse",false,false,
"51621/government office building",false,false,
"51623/courthouse",false,false,
"51631/post office",false,false,
"51632/customhouse",false,false,
"51641/diplomatic building(s)",false,false,
"51651/fire station",false,false,
"51714/amphitheater",false,false,
"51715/theater",false,false,
"51718/arena",false,false,
"51820/religious building",false,false,
"51821/church",false,false,
"51822/cathedral",false,false,
"51826/mosque",false,false,
"51827/synagogue",false,false,
"51828/temple",false,false,
"51829/shrine",false,false,
"51830/pagoda",false,false,
"51841/bridge",false,false,
"51845/tunnel",false,false,
"51860/agricultural building",false,false,
"51991/ruins",false,false,
"51992/abandoned dwelling",false,false,
"51993/wreck",false,false,
"52301/cloister",false,false,
"52363/sanctuary",false,false,
"52451/burial chamber",false,false,
"52461/tower",false,false,
"52462/lighthouse",false,false,
"52613/traffic circle",false,false,
"53010/garden",false,false,
"53030/square",false,false,
"53031/piazza",false,false,
"53032/plaza (open space)",false,false,
"53033/central business district",false,false,
"53110/nature reserve",false,false,
"53111/wilderness area",false,false,
"53112/wildlife refuge",false,false,
"53113/Indigenous Protected Area",false,false,
"53114/protected area",false,false,
"53115/national forest",false,false,
"53116/state forest",false,false,
"53117/marine sanctuary",false,false,
"53118/reserve",false,false,
"53120/park",false,false,
"53121/marine park",false,false,
"53122/urban park",false,false,
"53123/historical park",false,false,
"53124/military park",false,false,
"53125/battlefield park",false,false,
"53126/national park",false,false,
"53127/provincial park",false,false,
"53128/state park",false,false,
"53129/national monument",false,false,
"53130/landfill",false,false,
"53141/athletic field",false,false,
"53151/road",false,false,
"53152/route",false,false,
"53153/highway",false,false,
"53154/parkway",false,false,
"53155/railroad",false,false,
"53156/causeway",false,false,
"53157/street",false,false,
"53158/trail",false,false,
"53159/crossing",false,false,
"53161/intersection",false,false,
"53162/subway",false,false,
"53163/observation point",false,false,
"53169/pedestrian mall",false,false,
"53201/city block",false,false,
"53203/forum",false,false,
"53206/parking garage",false,false,
"53223/landing",false,false,
"54010/complex",false,false,
"54011/farm",false,false,
"54012/abandoned complex",false,false,
"54013/dairy",false,false,
"54014/orchard",false,false,
"54015/vineyard",false,false,
"54031/hacienda",false,false,
"54033/manor",false,false,
"54034/estate",false,false,
"54041/plantation",false,false,
"54051/ranch",false,false,
"54052/grazing area",false,false,
"54053/homestead",false,false,
"54054/stable",false,false,
"54055/corral",false,false,
"54110/cemetery",false,false,
"54111/catacombs",false,false,
"54113/necropolis",false,false,
"54123/national cemetery",false,false,
"54210/industrial complex",false,false,
"54211/mine",false,false,
"54212/mines",false,false,
"54213/oil field",false,false,
"54214/inactive mine",false,false,
"54215/gas field",false,false,
"54216/coalfield",false,false,
"54217/quarry",false,false,
"54218/ore treatment plant",false,false,
"54219/coal mine(s)",false,false,
"54220/oil refinery",false,false,
"54221/shopping center",false,false,
"54222/market",false,false,
"54223/salt mine(s)",false,false,
"54224/iron mine",false,false,
"54225/brewery",false,false,
"54226/oil pipeline",false,false,
"54227/lead mine",false,false,
"54228/copper mine",false,false,
"54229/gold mine",false,false,
"54230/tank farm",false,false,
"54231/power plant",false,false,
"54232/sewage treatment plant",false,false,
"54233/mill",false,false,
"54234/sugar mill",false,false,
"54235/water mill",false,false,
"54236/factory",false,false,
"54237/hydroelectric power plant",false,false,
"54238/munitions plant",false,false,
"54239/phosphate works",false,false,
"54240/sugar refinery",false,false,
"54241/copper works",false,false,
"54242/sawmill",false,false,
"54250/military installation",false,false,
"54251/defense installation",false,false,
"54252/naval base",false,false,
"54253/air base",false,false,
"54254/barracks",false,false,
"54255/governmental installation",false,false,
"54257/depot",false,false,
"54310/recreation area",false,false,
"54311/amusement park",false,false,
"54315/camp",false,false,
"54316/resthouse",false,false,
"54321/preserve",false,false,
"54331/resort",false,false,
"54341/stadium",false,false,
"54342/racetrack",false,false,
"54343/golf course",false,false,
"54410/religious community",false,false,
"54411/convent",false,false,
"54412/hermitage",false,false,
"54413/monastery",false,false,
"54414/abbey",false,false,
"54417/priory",false,false,
"54418/sacred site",false,false,
"54419/ceremonial site",false,false,
"54421/holy precinct",false,false,
"54450/site",false,false,
"54451/archaeological site",false,false,
"54452/burial site",false,false,
"54453/megalithic site",false,false,
"54454/prehistoric site",false,false,
"54455/ancient site",false,false,
"54456/burial cave",false,false,
"54458/underwater site",false,false,
"54459/submerged site",false,false,
"54460/World Heritage Site",false,false,
"54461/historic site",false,false,
"54462/battlefield",false,false,
"54463/archaeological sites",false,false,
"54471/barrow",false,false,
"54472/tumulus",false,false,
"54473/earthwork",false,false,
"54491/paleontological site",false,false,
"54492/type site",false,false,
"54548/transit terminal",false,false,
"54549/transport point",false,false,
"54550/airfield",false,false,
"54551/airport",false,false,
"54552/heliport",false,false,
"54553/abandoned airfield",false,false,
"54554/post station",false,false,
"54555/railroad yard",false,false,
"54556/railroad station",false,false,
"54557/caravanserai",false,false,
"54558/stage station",false,false,
"54559/subway station",false,false,
"54560/sluice",false,false,
"54561/dockyard",false,false,
"54562/marina",false,false,
"54563/shipyard",false,false,
"54564/oil terminal",false,false,
"54566/breakwater",false,false,
"54567/jetty",false,false,
"54568/mole",false,false,
"54569/quay",false,false,
"54570/ferry terminal",false,false,
"54571/ferry",false,false,
"54572/railroad signal",false,false,
"54573/railroad siding",false,false,
"54574/halting place",false,false,
"54600/scientific facility",false,false,
"54601/observatory",false,false,
"54602/research institute",false,false,
"54603/scientific research base",false,false,
"54604/triangulation station",false,false,
"54606/meteorological station",false,false,
"54607/atomic research center",false,false,
"54608/aerospace facility",false,false,
"54609/health facility",false,false,
"54610/aquaculture facility",false,false,
"54611/zoo",false,false,
"54615/forest station",false,false,
"55001/agricultural land",false,false,
"55111/forest reserve",false,false,
"80002/political entity",false,false,
"80003/dependent political entity",true,true,region
"80005/semi-independent political entity",true,true,region
"80006/independent political entity",false,false,
"81002/primary political unit",false,false,
"81003/empire",false,false,
"81004/alliance",false,false,
"81005/federation",false,false,
"81006/association",false,false,
"81007/league",false,false,
"81009/confederation",false,false,
"81010/nation",true,true,country
"81011/independent sovereign nation",true,true,country
"81012/independent nation",true,true,country
"81013/tribal nation",false,false,
"81014/tribal entity",false,false,
"81021/dependent state",true,true,country
"81022/organization",false,false,
"81030/group of nations/states/cities",false,true,region
"81031/former group of nations/states/cities",false,true,region
"81051/island nation",true,true,country
"81099/administrative division",false,true,
"81100/first level subdivision",false,true,
"81101/area",false,true,other
"81102/country",true,true,country
"81103/bailiwick",false,false,region
"81104/autonomous municipality",false,false,municipality
"81105/canton",false,false,
"81106/city-state",false,false,
"81107/special city",false,false,
"81108/colony",false,false,
"81110/urban county",false,false,county
"81111/commonwealth",false,false,
"81112/commune (administrative)",false,false,
"81113/independent city",false,false,
"81114/autonomous city",false,false,
"81115/county",false,false,county
"81116/unitary authority",false,false,
"81117/department",false,true,stateProvince
"81118/local council",false,false,municipality
"81119/regional council",false,false,county
"81120/local district",false,false,county
"81121/dependency",false,false,
"81122/local region",false,false,county
"81123/national region",true,true,region
"81124/autonomous district",true,true,stateProvince
"81125/national district",true,true,stateProvince
"81126/national division",true,true,stateProvince
"81128/senatorial district",false,false,
"81129/land grant",false,false,
"81130/raion",false,false,
"81131/region (geographic)",false,true,region
"81141/march",false,false,
"81142/deme",false,false,
"81145/oblast",true,true,stateProvince
"81146/kray",false,false,
"81151/parish (political)",false,false,
"81157/prefecture",true,true,stateProvince
"81158/urban prefecture",false,true,stateProvince
"81159/protectorate",false,false,
"81160/town council",false,false,
"81161/province",true,true,stateProvince
"81164/overseas province",true,true,stateProvince
"81165/region (administrative division)",true,true,stateProvince
"81166/autonomous region",true,true,stateProvince
"81167/autonomous province",true,true,stateProvince
"81168/autonomous republic",true,true,country
"81169/autonomous sector",true,true,stateProvince
"81170/autonomous community",true,true,stateProvince
"81171/shire",false,false,county
"81175/state",true,true,stateProvince
"81176/statistical area",false,false,
"81177/national subdivision",true,true,stateProvince
"81178/special area",false,true,other
"81181/territory",true,true,stateProvince
"81182/external territory",true,true,stateProvince
"81183/unincorporated territory",true,true,country
"81184/overseas territory",true,true,stateProvince
"81185/overseas department",true,true,stateProvince
"81186/union territory",true,true,stateProvince
"81187/federal territory",true,true,stateProvince
"81188/federal capital territory",true,true,stateProvince
"81189/special territory",true,true,stateProvince
"81191/voivodeship",false,false,
"81193/zone",false,false,
"81194/tributary (political)",false,false,
"81195/eparchy",false,false,
"81199/ancient region",false,false,
"81215/autonomous area",false,true,country
"81225/regional division",false,true,stateProvince
"81232/protected state",true,true,stateProvince
"81260/controlled region",false,false,
"81261/condominium",false,false,
"81264/frontier",false,false,
"81267/vassal state",false,false,
"81268/dominion",false,false,
"81278/trust territory",false,false,
"81279/mandate",false,false,
"81281/possession",false,false,
"81282/fief",false,false,
"81283/occupied territory",false,false,
"81284/neutral zone",false,false,
"81285/annex",false,false,
"81286/disputed territory",false,false,
"81287/buffer zone",false,false,
"81289/border post",false,false,
"81290/patrol post",false,false,
"81291/enclave",false,true,other
"81292/plaza (administrative)",false,false,
"81300/second level subdivision",false,true,stateProvince
"81421/family",false,false,
"81441/tribe",false,false,
"81501/historical region",false,false,
"81502/former administrative division",false,true,stateProvince
"81503/former territory/colony/dependent state",false,true,stateProvince
"81508/former nation/state/empire",false,true,country
"82107/caliphate",false,false,
"82109/commandery",false,false,
"82110/countship",false,false,
"82113/despotate",false,false,
"82115/dictatorship",false,false,
"82116/military regime",false,false,
"82121/duchy",false,false,
"82123/grand duchy",false,false,
"82125/dynasty",false,false,
"82127/earldom",false,false,
"82128/electorate",false,false,
"82129/prince-bishopric",false,false,
"82131/emirate",false,false,
"82133/governorate",false,false,
"82136/pirate haven",false,false,
"82139/khanate",false,false,
"82141/kingdom",false,false,
"82144/landgraviate",false,false,
"82145/lordship",false,false,
"82146/margraviate",false,false,
"82151/monarchy",false,false,
"82153/constitutional monarchy",false,false,
"82155/oligarchy",false,false,
"82161/patriarchy",false,false,
"82164/principality",false,false,
"82171/republic",true,true,country
"82179/satrapy",false,false,
"82183/sheikhdom",false,false,
"82185/sultanate",false,false,
"82186/suzerainty",false,false,
"82187/viceroyalty",false,false,
"82188/tsardom",false,false,
"82193/union",false,false,
"82311/diocese",false,false,
"82312/archdiocese",false,false,
"82351/parish (ecclesiastical)",false,false,
"82401/third level subdivision",false,false,
"82402/fourth level subdivision",false,false,
"82405/arrondissement",false,false,municipality
"82411/borough",false,false,municipality
"82471/township",false,false,municipality
"83001/occupation site",false,false,municipality
"83002/inhabited place",false,false,municipality
"83003/locale",false,false,municipality
"83004/base",false,false,
"83005/center",false,false,
"83006/community",false,false,municipality
"83007/locality",false,false,municipality
"83008/emporium",false,false,
"83009/rural community",false,false,municipality
"83010/hamlet",false,false,municipality
"83011/seat",false,false,
"83020/village",false,false,municipality
"83022/farm village",false,false,municipality
"83030/town",false,false,municiplaity
"83033/oppidum",false,false,
"83040/city",false,false,municipality
"83042/metropolis",false,false,municipality
"83043/municipality",false,false,municipality
"83044/special municipality",false,false,municipality
"83045/municipium",false,false,municipality
"83046/poleis",false,false,municipality
"83047/civitas",false,false,municipality
"83051/urban center",false,false,municipality
"83061/metropolitan area",false,false,municipality
"83081/villeneuve",false,false,municipality
"83101/administrative center",false,false,
"83102/legislative center",false,false,
"83103/judicial center",false,false,
"83104/prison center",false,false,
"83105/concentration camp site",false,false,
"83109/leper colony",false,false,
"83110/capital",false,false,
"83111/national capital",false,false,
"83112/regional capital",false,false,
"83113/state capital",false,false,
"83114/district capital",false,false,
"83115/provincial capital",false,false,
"83116/department capital",false,false,
"83118/county seat",false,false,
"83119/subregional capital",false,false,
"83120/census district",false,false,
"83127/regional center",false,false,
"83131/transportation center",false,false,
"83132/railroad camp",false,false,
"83133/lumber camp",false,false,
"83141/colonial settlement",false,false,
"83144/frontier settlement",false,false,
"83145/cow town",false,false,
"83146/gold town",false,false,
"83147/residential center",false,false,
"83148/roadside rest area",false,false,
"83149/refugee camp",false,false,
"83150/religious center",false,false,
"83151/mission",false,false,
"83152/pilgrimage center",false,false,
"83153/episcopal see",false,false,
"83154/archiepiscopal see",false,false,
"83155/monastic center",false,false,
"83156/patriarchal see",false,false,
"83157/sanctuary center",false,false,
"83158/cult center",false,false,
"83171/military center",false,false,
"83173/presidio",false,false,
"83175/fortified settlement",false,false,
"83181/royal residence",false,false,
"83182/imperial city",false,false,
"83183/noble seat",false,false,
"83184/ducal residence",false,false,
"83185/papal residence",false,false,
"83210/deserted settlement",false,false,
"83211/ghost town",false,false,
"83212/ruined settlement",false,false,
"83213/former community",false,false,
"83215/tell",false,false,
"83218/lost settlement",false,false,
"83219/ephemeral community",false,false,
"83220/lost area",false,false,
"83241/unincorporated area",false,false,
"83245/seasonally inhabited place",false,false,
"83302/breeding center (animal)",false,false,
"83303/agricultural center",false,false,
"83304/irrigation center",false,false,
"83305/boomtown",false,false,
"83306/livestock center",false,false,
"83307/timber center",false,false,
"83308/viniculture center",false,false,
"83309/corporate headquarters",false,false,
"83313/fish-processing center",false,false,
"83314/fishing community",false,false,
"83315/fur station",false,false,
"83316/whaling station",false,false,
"83317/fishing spot",false,false,
"83318/inspection station",false,false,
"83319/radio station",false,false,
"83321/financial center",false,false,
"83323/market center",false,false,
"83324/commercial center",false,false,
"83325/trade center",false,false,
"83326/shipping center",false,false,
"83331/port",false,false,
"83332/treaty port",false,false,
"83333/free port",false,false,
"83334/shipbuilding center",false,false,
"83335/inland port",false,false,
"83336/seaport",false,false,
"83337/river port",false,false,
"83338/port of entry",false,false,
"83343/textile center",false,false,
"83351/tourist center",false,false,
"83352/resort center",false,false,
"83353/sporting center",false,false,
"83354/spa center",false,false,
"83355/entertainment center",false,false,
"83360/educational center",false,false,
"83361/university center",false,false,
"83362/college center",false,false,
"83363/community center",false,false,
"83365/scientific center",false,false,
"83366/publishing center",false,false,
"83367/medical center",false,false,
"83371/industrial center",false,false,
"83372/factory center",false,false,
"83373/mill center",false,false,
"83374/mining center",false,false,
"83375/quarrying center",false,false,
"83376/oil field site",false,false,
"83377/manufacturing center",false,false,
"83378/petroleum refining center",false,false,
"83379/metallurgical center",false,false,
"83381/communications center",false,false,
"83385/power production center",false,false,
"83387/weapons production center",false,false,
"83431/coastal settlement",false,false,
"83432/hill settlement",false,false,
"83433/river settlement",false,false,
"83436/oasis settlement",false,false,
"83501/artists' colony",false,false,
"83504/penal settlement",false,false,
"83505/cultural center",false,false,
"83506/craftsman settlement",false,false,
"83507/political center",false,false,
"83508/refugee center",false,false,
"83509/hunting base",false,false,
"83510/tribal area",false,false,
"83511/Indian reservation (Native American reservation)",false,false,
"83512/Aboriginal reserve",false,false,
"83513/pueblo",false,false,
"83514/native peoples reservation",false,false,
"83516/culture area",false,false,
"83603/kibbutz",false,false,
"84001/part of inhabited place",false,false,
"84002/urban subdivision",false,false,
"84211/Chinatown",false,false,
"84214/Bezirk",false,false,
"84216/sestiere",false,false,
"84217/rione",false,false,
"84218/urban district",false,false,municipality
"84221/frazione",false,false,
"84251/neighborhood",false,false,municipality
"84255/Ortsteil",false,false,
"84271/quarter",false,false,
"84272/historic quarter",false,false,
"84273/quartiere",false,false,
"84279/pleasure quarter",false,false,
"84311/subdivision",false,false,
"84312/housing development",false,false,
"84561/suburb",false,false,municipality
"84563/garden suburb",false,false,
"85101/border (boundary)",false,false,
"85102/boundary marker",false,false,
"85103/tollgate/barrier",false,false,
# Location types from marineregions.org
"Natura 2000 Site of Community Importance (SCI, EU Habitats Directive)",true,true,other
"Natura 2000 Special Protection Area (SPA, EU Birds Directive)",true,true,other
"Natura 2000 Special Protection Area and Site of Community Importance (SPA and SCI, EU Birds and Habitats Directive)",true,true,other
Abyssal Plain,true,true,region
Abyssal Provinces,true,true,region
Anchorage,true,true,waterBody
Archipelago,true,true,islandGroup
Arctic Marine Area,true,true,region
Area,true,true,other
Arrondissement,true,true,municipality
Atoll,true,true,island
Autonomous Region,true,true,stateProvince
Bank,true,true,waterBody
Bar,true,true,waterBody
Basin,true,true,waterBody
Bay,true,true,waterBody
Beach,true,true,waterBody
Beacon,true,true,other
Bight,true,true,waterBody
Borough,true,true,municipality
Bridge,true,true,other
Caldera,true,true,other
Canal,true,true,waterBody
Canton,true,true,stateProvince
Canyon(s),true,true,other
Cape,true,true,waterBody
Cave,true,true,other
Channel,true,true,waterBody
City,true,true,municipality
Cliffs,true,true,other
Coast,true,true,waterBody
Commune,true,true,municipality
Continent,true,true,continent
Continental Shelf (Physical),true,true,region
Continental Slope,true,true,region
Contourite Depositional System,true,true,region
Country,true,true,country
County,true,true,county
Cove,true,true,waterBody
Creek,true,true,waterBody
Current,true,true,waterBody
Deelgemeente,true,true,municipality
Deep,true,true,waterBody
Delta,true,true,waterBody
Department,true,true,stateProvince
Dependency,true,true,country
Dependent State,true,true,country
Dike,true,true,other
Disputed Territory,true,true,other
District,true,true,stateProvince
Diving spot,true,true,waterBody
Division,true,true,stateProvince
Dock,true,true,waterBody
EEZ,true,true,waterBody
Entrance,true,true,waterBody
Escarpment,true,true,other
Estuary,true,true,waterBody
FADA Faunistic Regions,true,true,other
FAO Divisions,true,true,other
FAO Major Marine Fishing Areas,true,true,waterBody
FAO Subareas,true,true,region
FAO Subdivisions,true,true,region
FAO fishing area,true,true,waterBody
Field,true,true,other
Firth,true,true,waterBody
Fjord,true,true,waterBody
Flat,true,true,other
Floristic Region,true,true,region
Forest,true,true,other
Former Nation,true,true,country
Former administrative division,true,true,stateProvince
Fort,true,true,other
Fracture Zone,true,true,waterBody
Front,true,true,waterBody
General Region,false,true,region
General Sea Area,false,true,waterBody
Governorate,true,true,stateProvince
Gulf,true,true,waterBody
Guyot,true,true,waterBody
Harbour,true,true,waterBody
Head,true,true,waterBody
Headland,true,true,waterBody
High Seas,true,true,waterBody
Hill(s),true,true,other
ICES Ecoregion,true,true,other
IHO Sea Area,true,true,waterBody
IOS region,true,true,other
Ice Sheet,true,true,other
Ice Shelf,true,true,other
Inhabited Place,true,true,other
Inlet,true,true,waterBody
Island,true,true,island
Island Group,true,true,islandGroup
Isthmus,true,true,other
Italian marine biogeographic sector,true,true,waterBody
Joint regime (EEZ),true,true,waterBody
Knoll(s),true,true,waterBody
Lagoon,true,true,waterBody
Lake,true,true,waterBody
Land,true,true,other
Landscape Protection Area,true,true,other
Large Marine Ecosystem,true,true,waterBody
Light(house),true,true,other
Longhurst Province,true,true,waterBody
Lower Bathyal Provinces,true,true,waterBody
MSFD Marine regions,true,true,waterBody
MSFD Marine subregions,true,true,waterBody
Mangrove,true,true,other
Marine Bioregion,true,true,waterBody
Marine Ecoregion of the World (MEOW),true,true,waterBody
Marine Park,true,true,waterBody
Marine Protected Area (MPA),true,true,waterBody
Marine Province,true,true,waterBody
Marine Region,true,true,waterBody
Marine Subregion,true,true,waterBody
Mount,true,true,other
Mountain range,true,true,other
Mountain(s),true,true,other
Mud Flat,true,true,other
Mud Volcano,true,true,other
Municipality,true,true,municipality
Nation,true,true,country
National District,true,true,stateProvince
National Division,true,true,stateProvince
National Park,true,true,other
Natural Reserve,true,true,other
OSPAR Region,true,true,waterBody
Oblast,true,true,stateProvince
Occupied Territory,true,true,other
Ocean,true,true,waterBody
Overlapping claim,true,true,other
Overseas Territory,true,true,country
Parish,true,true,municipality
Pass,true,true,other
Passage,true,true,waterBody
Peninsula,true,true,other
Pit,true,true,other
Plain,true,true,other
Plateau,true,true,other
Point,true,true,waterBody
Polder,true,true,waterBody
Possession,true,true,stateProvince
Prefecture,true,true,stateProvince
Prodelta,true,true,waterBody
Protected Area,true,true,other
Province (administrative),true,true,stateProvince
Realm,true,true,country
Reef,true,true,waterBody
Region,true,true,stateProvince
Republic,true,true,country
Reservoir,true,true,waterBody
Ridge,true,true,other
Rise,true,true,other
River,true,true,waterBody
Rock,true,true,other
Rocks,true,true,other
Salt Marsh,true,true,waterBody
Sandbank,true,true,waterBody
Sandbank System,true,true,waterBody
Sea,true,true,sea
SeaVoX SeaArea - level 2,true,true,waterBody
SeaVoX SeaArea - region,true,true,waterBody
SeaVoX SeaArea - sub-region,true,true,waterBody
Seachannel,true,true,waterBody
Seamount Chain,true,true,waterBody
Seamount(s),true,true,waterBody
Shelf,true,true,waterBody
Shoal,true,true,waterBody
Slope,true,true,waterBody
Sluice,true,true,waterBody
Sound,true,true,waterBody
Spur,true,true,other
State,true,true,stateProvince
Station,true,true,other
Strait,true,true,waterBody
Stream,true,true,waterBody
Sub-Province,true,true,stateProvince
Submarine lava tube,true,true,other
Submarine valley(s),true,true,waterBody
Swale,true,true,other
Swamp,true,true,other
TDWG,true,true,other
TDWG - level 1,true,true,continent
TDWG - level 2,true,true,region
TDWG - level 3,true,true,country
TDWG - level 4,true,true,stateProvince
Tablemount,true,true,other
Territorial Sea,true,true,sea
Territory,true,true,stateProvince
Tower,true,true,other
Town,true,true,municipality
Trench,true,true,waterBody
Tributary,true,true,waterBody
Trough,true,true,waterBody
Union Territory,true,true,other
Unitary Authority,true,true,other
Village,true,true,municipality
Ward,true,true,other
Water mass,true,true,waterBody
Watsonian vice-county,true,true,county
Wetland,true,true,waterBody
Wetland of International Importance (Ramsar Convention),true,true,waterBody
World,true,true,world
World Marine Heritage Site,true,true,waterBody
Wreck,true,true,other